{"X7FamKzvAtul/bKlntihrg==":"logo-160x160.jpg","NVIoTLBHnKO/30yqzNHMhg==":"lenden-500x500.png","Cg3cVzrNnCpvXbbpSZZ5Vg==":"lenden-1-500x500.png","xVPDKpR8K0Yp7PLgka3pGA==":"lenden-2-500x500.png","OvknmudAc0gPbiFUpw2UBg==":"img_20170209_102425_343-7-200x200.jpg","yx9RPoQ+UIAfH10AuJQLSQ==":"22860123_1512247822192608_789611401772693247_o-2011x2015.jpg","m0QmhDVnz4/AQX2roQXWxQ==":"22894434_1989311357979352_2296144763951280489_n-674x674.jpg","HdZ/GQ6KZTZZm2iHQZg9zQ==":"computer-1209641-1920-1920x1280.jpg","Q2kPN8XbOJYKwDi9rud8ow==":"computer-2788918-1280-1280x847.jpg","E2JrnX8cjxJ89PxmKvj7Nw==":"computer-1185637-2000x1333.jpg","oAuMpUi9T9kHN3GjaMwisA==":"pexels-photo-327533-2000x1252.jpg","NJqZMn9BwGV2+fxGifxKzA==":"network-2402637-1920x1080.jpg","vtxEfDEqDY0E4xAeolGMlA==":"city-1611867-2000x648.jpg","styiNe1y0oncNcTBODtLHg==":"block-chain-2850276-2000x1328.jpg","syUw3j31501XxWLIDneyaA==":"ipad-820272-2000x1333.jpg","9W//bWBCMupzvybaSxy28A==":"pexels-photo-327540-1999x1331.jpg","wG14N1ccbr747v+XruI6sQ==":"action-2277292-2000x1364.jpg","/aBExVlvMG1nuFdxP+mw3Q==":"action-2277292-1920-1920x1310.jpg","crOp4TzR51JrhKxlk6KPNQ==":"pexels-photo-326424-2000x1500.jpg","mWrp2mBiCuVG2Tl5IS/64g==":"lenden-310x308.jpg","lunuwm9jw9VIHVmwa1XW8g==":"lenden-1-310x308.jpg","WI7JFxWu7gNXJYubKMSb5A==":"block-chain-2850277-2000x1328.jpg","ArTo+gw2zkNQY12NXdlGxQ==":"pexels-photo-541523-2000x1335.jpg","ZMzKikntBBq+MT7xT0gK2Q==":"ipad-820273-2000x1333.jpg","CGGtf1MuvLFB/KUrA/+mag==":"jumbotron.jpg","G7ppxFmBiA01WEKusq5Vzg==":"01.jpg","2r+m+64ya5wkO3jYl4HQNA==":"03.jpg","1IW715m7dQ2+ThBNpPUgOw==":"02.jpg","EHLXJz30A6msu4l2DcV76A==":"background2.jpg","sUbA98Bqa6Gfilbq/aLa/g==":"background1.jpg"}